Feature,Importance
Age,0.19788570526377705
NumOfProducts,0.12769200904907013
EstimatedSalary,0.12457573903929384
CreditScore,0.12418337569623342
Balance,0.10963463669960706
BalanceSalaryRatio,0.09573409031597144
Tenure,0.07200612215348873
IsActiveMember,0.04310440941501777
IsSenior,0.028709483674519545
Geography_Germany,0.026727781680576504
Gender,0.018487189641158353
HasCrCard,0.01747187792103353
Geography_Spain,0.013787579450252494
